Feature Name,Coefficient Value
total_amount_USD,0.07187710652571319
Tip_USD,-0.8829412030697543
Area_sqmi,-0.044284742962500095
