Feature Name,Coefficient Value
total_amount_USD,0.07188659332391602
Tip_USD,-0.8829027040846436
Area_sqmi,0.010997503812297506
Store_dma_id,-0.0174720314965656
