Feature Name,Coefficient Value
total_amount_USD,0.07187710652571327
Tip_USD,-0.8829412030697711
Area_sqmi,-0.04428474296250014
